rank,demand,normalized_intent,request_count,opportunity_score,wtp_score,paying_now_count,top_audience,status
1,A way to programmatically access city and community event ca,A way to programmatically access city and community event calendar data via an API.,1,21,0,0,Developers building local event discovery tools,open
2,An effortless way to save and organize potential gift ideas ,An effortless way to save and organize potential gift ideas by specific recipient.,1,21,0,0,Gift shoppers,open
3,A visual scanning app that identifies physical objects aroun,A visual scanning app that identifies physical objects around a room and reveals local market demand or resale value before listing.,1,21,0,0,"Resellers, declutterers, and secondhand sellers",open
4,Phone grip accessories engineered with diverse tactile and s,Phone grip accessories engineered with diverse tactile and sensory textures for sensory stimulation.,1,21,0,0,Sensory seekers and fidgeters,open
5,A reliable automated receptionist system to handle inbound c,A reliable automated receptionist system to handle inbound customer phone calls and appointment routing for small businesses,1,21,0,0,Small business owners,open
6,A PC program to convert hard drive or media storage contents,A PC program to convert hard drive or media storage contents into standardized binary formats for long-term cultural preservation.,1,21,0,0,Digital archivists and data preservationists,open
7,A realistic simulation game where players experience daily c,A realistic simulation game where players experience daily citizen life in ancient Sparta or Athens.,1,21,0,0,Historical simulation and RPG gamers,open
8,A game mod porting Don't Starve Together skin styles to Hazb,A game mod porting Don't Starve Together skin styles to Hazbin Hotel characters.,1,21,0,0,Don't Starve Together and Hazbin Hotel gamers,open
9,A way to learn and understand AI-generated codebases through,A way to learn and understand AI-generated codebases through personalized explanations based on developer proficiency.,1,21,0,0,Software developers using AI coding tools,open
10,A tool that sequentially routes project tasks through the fr,A tool that sequentially routes project tasks through the free usage tiers of multiple LLMs.,1,21,0,0,Developers and AI power users,open
11,A music streaming interface offering granular algorithmic co,A music streaming interface offering granular algorithmic controls to exclude or de-prioritize specific liked tracks from auto-play queues.,1,21,0,0,Music streaming power users,open
12,A simple way to catalog and recall inspiring and notable peo,A simple way to catalog and recall inspiring and notable people discovered across books and media.,1,21,0,0,"Avid readers, researchers, and lifelong learners",open
13,A platform to connect technical and non-technical founders w,A platform to connect technical and non-technical founders who are looking for part-time or side-project co-founders.,1,21,0,0,Part-time entrepreneurs and side-project builders,open
14,A web application that generates theoretical etymological ro,A web application that generates theoretical etymological roots and historical forms for newly created words.,1,21,0,0,Linguistics enthusiasts and writers,open
15,Bite-sized micro-courses delivered entirely via daily or wee,Bite-sized micro-courses delivered entirely via daily or weekly email newsletters with interactive reply feedback.,1,21,0,0,Self-directed learners and professionals,open
16,A spoiler-prevention setting for streaming platforms that hi,A spoiler-prevention setting for streaming platforms that hides future episode summaries and thumbnails until reached by the viewer.,1,21,0,0,streaming service subscribers,open
17,A third-party mobile keyboard that automatically translitera,A third-party mobile keyboard that automatically transliterates Latin script into Arabic text.,1,21,0,0,Arabic speakers typing on mobile devices,open
18,A slow-paced visual inspiration tool that presents a new cur,A slow-paced visual inspiration tool that presents a new curated image at timed intervals.,1,21,0,0,Creative professionals and artists,open
19,A live on-screen OCR translator for PC to translate text emb,A live on-screen OCR translator for PC to translate text embedded in image-based ebooks.,1,21,0,0,PC users reading foreign-language ebooks and documents,open
20,An automated digital decluttering tool that organizes and cl,An automated digital decluttering tool that organizes and cleans up personal files and digital clutter.,1,21,0,0,people overwhelmed by digital clutter,open
21,A financial audit show or content series analyzing the budge,"A financial audit show or content series analyzing the budgets, investments, and strategies of financially successful individuals.",1,21,0,0,Personal finance enthusiasts and high earners,open
22,A closed-loop wearable medical device that stimulates noctur,A closed-loop wearable medical device that stimulates nocturnal erections in transgender women on HRT to prevent tissue atrophy.,1,21,0,0,Transgender women on hormone replacement therapy,open
23,A tool to automatically bulk-tag large libraries of download,A tool to automatically bulk-tag large libraries of downloaded images.,1,21,0,0,Digital archivists and image collectors,open
24,"A fast, lightweight, and customizable editor for PowerPoint-","A fast, lightweight, and customizable editor for PowerPoint-compatible slide decks.",1,21,0,0,Presentation designers,open
25,A tool that automatically extracts high-interest segments fr,A tool that automatically extracts high-interest segments from long videos to create short-form video clips.,1,21,0,0,Content creators and video editors,open
26,A browser extension that automatically detects and flags AI-,A browser extension that automatically detects and flags AI-generated or plagiarized posts on LinkedIn.,1,21,0,0,LinkedIn users,open
27,A marketplace platform to commission custom books on specifi,A marketplace platform to commission custom books on specific topics from verified authors and subject matter experts.,1,21,0,0,Readers and researchers seeking bespoke non-fiction books,open
28,A mobile self-checkout solution allowing shoppers to scan gr,A mobile self-checkout solution allowing shoppers to scan grocery items and pay directly on their phones to avoid checkout lines.,1,21,0,0,supermarket shoppers,open
29,A local offline PC application that uses AI to restore and u,A local offline PC application that uses AI to restore and upscale animation video from 720p to 1080p HD.,1,21,0,0,Animators and video editors,open
30,A scenic drive navigation app that displays tappable saved l,A scenic drive navigation app that displays tappable saved locations directly on the active route map.,1,21,0,0,Road trippers and recreational drivers,open
31,A digital bookshelf software to visually organize and browse,A digital bookshelf software to visually organize and browse downloaded comics and manga.,1,21,0,0,Digital comic and manga collectors,open
32,"A platform that provides curated, reasonably priced product ","A platform that provides curated, reasonably priced product recommendations for women.",1,21,0,0,Women consumers,open
33,A centralized system to manage and track customer orders pla,A centralized system to manage and track customer orders placed via Instagram DMs and WhatsApp.,1,21,0,0,Social media and chat-based sellers,open
34,A search tool that recommends laptops based on specific user,A search tool that recommends laptops based on specific user workflows and needs rather than brand or hardware specs.,1,21,0,0,Consumers looking to buy a new laptop,open
35,A local neighborhood networking platform that allows small b,A local neighborhood networking platform that allows small business owners and local entrepreneurs to connect with customers without pay-to-play fees.,1,21,0,0,local small business owners and entrepreneurs,open
36,A computer keyboard integrated with a breathalyzer that unlo,A computer keyboard integrated with a breathalyzer that unlocks typing only after passing a sobriety test.,1,21,0,0,People looking to prevent drunk emailing or texting,open
37,A compact solar charger that keeps a smart door lock battery,A compact solar charger that keeps a smart door lock battery continuously charged.,1,21,0,0,Smart lock owners,open
38,A marketplace app connecting individuals with personal styli,A marketplace app connecting individuals with personal stylists for personalized fashion recommendations.,1,21,0,0,Fashion-conscious consumers seeking personal styling,open
39,A rating interface that prominently integrates statistical c,A rating interface that prominently integrates statistical confidence and review volume alongside star ratings.,1,21,0,0,Online shoppers and review platforms,open
40,A discreet and hygienic temporary containment solution for u,A discreet and hygienic temporary containment solution for used condoms prior to trash disposal.,1,21,0,0,Sexually active adults,open
41,A security sandboxing tool to restrict AI agent access to lo,A security sandboxing tool to restrict AI agent access to local files and system resources.,1,21,0,0,Users running autonomous AI agents on personal computers,open
42,A verification app that provides dependable proof that appli,A verification app that provides dependable proof that appliances are turned off and doors are locked to relieve departure anxiety.,1,21,0,0,individuals with departure-related memory anxiety or checking habits,open
43,A tool that condenses lengthy AI chat logs and artifacts int,"A tool that condenses lengthy AI chat logs and artifacts into a clean, single-page handoff brief for team collaboration.",1,21,0,0,Knowledge workers and software teams using AI tools,open
44,A continuous 24/7 360-degree timelapse weather monitoring se,A continuous 24/7 360-degree timelapse weather monitoring service streamed from observation decks.,1,21,0,0,Weather enthusiasts and sightseers,open
45,A feature or tool to search and filter customer reviews with,A feature or tool to search and filter customer reviews within app stores by keyword.,1,21,0,0,App store shoppers and mobile users,open
46,Detachable decorative accessories designed to be worn on the,Detachable decorative accessories designed to be worn on the knees as fashion items.,1,21,0,0,fashion enthusiasts,open
47,An AI personal trainer app that aggregates multi-sport weara,An AI personal trainer app that aggregates multi-sport wearable data and training logs to suggest cross-training workouts.,1,21,0,0,Multi-sport athletes and fitness enthusiasts,open
48,A social media platform where posters can restrict allowed c,A social media platform where posters can restrict allowed comment categories per post.,1,21,0,0,Social media creators seeking tailored feedback,open
49,A streaming feature that creates custom scheduled linear cha,A streaming feature that creates custom scheduled linear channels from selected shows.,1,21,0,0,Streaming service subscribers,open
50,A browser tool to autofill Indian government exam applicatio,A browser tool to autofill Indian government exam applications and automatically format required images.,1,21,0,0,Indian government exam aspirants,open
51,A centralized opt-out registry allowing bereaved individuals,A centralized opt-out registry allowing bereaved individuals to suppress sensitive holiday marketing communications across merchants.,1,21,0,0,Grieving consumers,open
52,A shared photo app that unlocks a travel group's trip pictur,A shared photo app that unlocks a travel group's trip pictures all at the same designated moment.,1,21,0,0,travelers and friend groups,open
53,A browser extension that assigns nutrition-style health and ,A browser extension that assigns nutrition-style health and educational quality ratings to YouTube videos.,1,21,0,0,YouTube viewers and digital wellness advocates,open
54,A utility to log non-tipping customers and display real-time,A utility to log non-tipping customers and display real-time warning alerts during incoming delivery dispatch offers.,1,21,0,0,Gig delivery drivers,open
55,Modular and upgradeable powered wearable assistive devices w,Modular and upgradeable powered wearable assistive devices with swappable components and sensors.,1,21,0,0,Users of powered wearable and assistive devices,open
56,"A clean, ad-free mobile player for listening to vintage radi","A clean, ad-free mobile player for listening to vintage radio broadcasts without unwanted AI modifications.",1,21,0,0,Old-time radio enthusiasts,open
57,A matchmaking platform that suggests romantic partners based,A matchmaking platform that suggests romantic partners based on genetic data compatibility.,1,21,0,0,Singles interested in biological matchmaking,open
58,"A series of ambient, slow gameplay videos set to Sonic Mania","A series of ambient, slow gameplay videos set to Sonic Mania levels and music.",1,21,0,0,Sonic fans and ambient video watchers,open
59,A collaborative platform for party guests to aggregate photo,"A collaborative platform for party guests to aggregate photos, videos, and birthday wishes into a single shared space.",1,21,0,0,Party hosts and event guests,open
60,A way to automatically compile and edit multiple raw video c,A way to automatically compile and edit multiple raw video clips into a cohesive montage using AI.,1,21,0,0,Casual smartphone videographers and event attendees,open
61,A tool or extension that injects randomness into social medi,A tool or extension that injects randomness into social media and YouTube recommendation algorithms to disrupt content filter bubbles.,1,21,0,0,Social media and video streaming users,open
62,Instantly preview and stream CD audio by scanning album cove,Instantly preview and stream CD audio by scanning album covers while thrifting.,1,21,0,0,CD collectors and thrift store shoppers,open
63,"A utility to view, toggle, and disable individual USB periph","A utility to view, toggle, and disable individual USB peripheral connections on a PC.",1,21,0,0,PC gamers with multiple peripheral controllers,open
64,A 60-frame pixel art animation compatible with the Pixoo 16 ,A 60-frame pixel art animation compatible with the Pixoo 16 display based on a specific meme trend.,1,21,0,0,Pixoo 16 display owners,open
65,An app that calculates and tracks the real daily cost-per-us,An app that calculates and tracks the real daily cost-per-use of personal belongings.,1,21,0,0,Budget-conscious consumers and minimalists,open
66,"A platform to log, track, and alert job applicants about emp","A platform to log, track, and alert job applicants about employers who ghost candidates after interviews.",1,21,0,0,Active job seekers,open
67,"An adaptive, AI-driven cognitive training platform designed ","An adaptive, AI-driven cognitive training platform designed to support individuals with mild cognitive impairment or early-stage dementia.",1,21,0,0,Caregivers and individuals managing cognitive decline,open
68,A job search platform that allows filtering listings across ,A job search platform that allows filtering listings across multiple map-selected regions and radius circumferences.,1,21,0,0,Job seekers open to relocating to multiple target areas,open
69,A visual recognition app to identify and purchase physical o,A visual recognition app to identify and purchase physical objects seen in movie scenes.,1,21,0,0,Movie viewers and shoppers,open
70,A habit-tracking app that pairs personal challenge streaks w,A habit-tracking app that pairs personal challenge streaks with proof-of-work uploads.,1,21,0,0,Goal-oriented individuals seeking habit tracking,open
71,An automated AI tool that identifies and contacts prospectiv,An automated AI tool that identifies and contacts prospective buyers for domain names.,1,21,0,0,Domain investors,open
72,A way to find and legally pay for short-term access to nearb,A way to find and legally pay for short-term access to nearby commercial dumpsters for small trash loads.,1,21,0,0,Homeowners and residents needing temporary junk disposal,open
73,A mobile shortcut or utility that automatically deletes scre,A mobile shortcut or utility that automatically deletes screenshots shortly after sharing to conserve device storage.,1,21,0,0,Smartphone users who frequently capture and share screenshots,open
74,A tool to bulk unfollow or remove LinkedIn connections to cl,A tool to bulk unfollow or remove LinkedIn connections to clean up feeds and contact lists.,1,21,0,0,LinkedIn sales professionals and power users,open
75,A searchable and filterable mirror archive of combat footage,A searchable and filterable mirror archive of combat footage and conflict reporting.,1,21,0,0,Open-source intelligence researchers and conflict observers,open
76,A verification tool to validate citations and source claims ,A verification tool to validate citations and source claims in AI-generated summaries and recommendations.,1,21,0,0,Internet researchers and consumers relying on AI summaries,open
77,An API or platform to split group expenses and automatically,An API or platform to split group expenses and automatically reconcile bank transfers.,1,21,0,0,App developers and recreational sports organizers,open
